name,version,name.1,wmc,dit,noc,cbo,rfc,lcom,ca,ce,npm,lcom3,loc,dam,moa,mfa,cam,ic,cbm,amc,max_cc,avg_cc,bug
camel,1,org.apache.camel.component.quartz.QuartzExchange,1,1,0,1,1,1,1,1,1,1.0,1,0.0,0,0.896551724,0.5,0,0,1.0,1,0.75,0
camel,1,org.apache.camel.component.mina.MinaComponent,1,1,0,1,1,1,1,1,1,1.0,1,0.0,0,0.8,0.5,1,1,1.0,1,0.6667,0
camel,1,org.apache.camel.processor.loadbalancer.RandomLoadBalancer,1,1,0,1,1,1,0,1,1,1.0,1,0.0,0,0.833333333,0.666666667,1,1,1.0,1,0.5,0
camel,1,org.apache.camel.builder.ValueBuilder,1,1,1,1,1,0,1,1,1,0.08,1,1.0,1,0.0,0.258241758,0,0,1.0,1,1.0,0
camel,1,org.apache.camel.component.xmpp.XmppComponent,1,1,0,1,1,1,1,1,1,1.0,1,0.0,0,0.888888889,0.375,1,1,1.0,1,0.5,0
camel,1,org.apache.camel.builder.ResequencerBuilder,1,1,0,1,1,1,1,1,1,0.666666667,1,1.0,0,0.909090909,0.35,1,1,1.0,1,0.875,0
camel,1,org.apache.camel.spring.xml.CamelBeanDefinitionParser,1,1,0,1,1,1,1,1,1,0.875,1,1.0,1,0.4,0.272727273,1,1,1.0,1,1.0,0
camel,1,org.apache.camel.Message,1,1,0,1,1,1,1,1,1,1.0,1,0.0,0,0.0,0.369230769,0,0,0.0,1,1.0,1
camel,1,org.apache.camel.builder.ConstantProcessorBuilder,1,1,0,1,1,0,1,1,1,0.0,1,1.0,1,0.0,0.75,0,0,1.0,1,0.5,0
camel,1,org.apache.camel.component.cxf.CxfComponent,1,1,0,1,1,1,1,1,1,0.8,1,1.0,0,0.8,0.333333333,1,1,1.0,1,0.6667,0
camel,1,org.apache.camel.CamelTemplate,1,1,0,1,1,1,1,1,1,0.675,1,1.0,1,0.233333333,0.24,1,1,1.0,1,1.0,0
camel,1,org.apache.camel.component.mail.MessageHeaderAccessException,1,1,0,1,1,0,1,1,1,1.0,1,1.0,0,0.944444444,0.666666667,0,0,1.0,1,0.5,0
camel,1,org.apache.camel.processor.ChoiceProcessor,1,1,0,1,1,0,1,1,1,0.166666667,1,1.0,1,0.538461538,0.357142857,1,1,1.0,1,1.0,0
camel,1,org.apache.camel.component.jbi.JbiException,1,1,0,1,1,1,1,1,1,1.0,1,0.0,0,1.0,0.777777778,0,0,1.0,0,0.0,0
camel,1,org.apache.camel.util.UuidGenerator,1,1,0,1,1,1,1,0,1,0.7,1,1.0,0,0.0,0.5,0,0,1.0,1,0.5,0
camel,1,org.apache.camel.component.jms.JmsEndpoint,1,1,0,1,1,1,1,1,1,0.644444444,1,1.0,1,0.4375,0.163157895,1,1,1.0,1,1.0,0
camel,1,org.apache.camel.bam.model.ProcessDefinition,1,1,0,1,1,1,1,1,1,0.666666667,1,1.0,0,0.375,0.375,0,0,1.0,1,1.0,0
camel,1,org.apache.camel.impl.LoggingExceptionHandler,1,1,0,1,1,1,1,1,1,0.0,1,1.0,1,0.0,0.5,0,0,1.0,1,0.3333,0
camel,1,org.apache.camel.Consumer,0,1,0,1,0,0,1,1,0,1.0,0,0.0,0,0.0,0.0,0,0,0.0,0,0.0,0
camel,1,org.apache.camel.builder.RecipientListBuilder,1,1,0,1,1,0,1,1,1,0.0,1,1.0,1,0.961538462,0.666666667,0,0,1.0,1,0.5,0
camel,1,org.apache.camel.component.jms.JmsPollingConsumer,1,1,0,1,1,1,1,1,1,0.363636364,1,1.0,0,0.52173913,0.354166667,1,1,1.0,1,1.0,0
camel,1,org.apache.camel.builder.xml.InvalidXPathExpression,1,1,0,1,1,0,1,1,1,0.0,1,1.0,0,0.944444444,0.666666667,0,0,1.0,1,0.5,0
camel,1,org.apache.camel.component.xmpp.XmppMessage,1,1,0,1,1,1,1,1,1,0.153846154,1,1.0,0,0.636363636,0.339285714,1,1,1.0,1,1.0,0
camel,1,org.apache.camel.Converter,0,1,0,1,0,0,1,0,0,1.0,0,0.0,0,0.0,0.0,0,0,0.0,0,0.0,0
camel,1,org.apache.camel.impl.DefaultMessage,1,1,1,1,1,1,1,1,1,0.6,1,1.0,0,0.523809524,0.327272727,1,1,1.0,1,1.0,0
camel,1,org.apache.camel.bam.model.ProcessInstance,1,1,0,1,1,1,1,1,1,0.854166667,1,1.0,1,0.45,0.283333333,0,0,1.0,1,1.0,0
camel,1,org.apache.camel.component.file.FileComponent,1,1,0,1,1,1,1,1,1,1.0,1,0.0,0,0.941176471,0.5,1,1,1.0,1,0.3333,0
camel,1,org.apache.camel.component.mail.MailMessage,1,1,0,1,1,1,1,1,1,0.5,1,1.0,0,0.65625,0.326923077,1,1,1.0,1,1.0,0
camel,1,org.apache.camel.component.pojo.PojoInvocation,1,1,0,1,1,0,1,0,1,0.666666667,1,1.0,0,0.0,0.4375,0,0,1.0,1,0.75,0
camel,1,org.apache.camel.impl.DefaultPollingConsumer,1,1,0,1,1,1,1,1,1,0.727272727,1,1.0,1,0.571428571,0.233766234,1,1,1.0,1,0.9167,0
camel,1,org.apache.camel.impl.CachingInjector,1,1,0,1,1,0,1,1,1,0.5,1,1.0,1,0.0,0.666666667,0,0,1.0,1,1.0,0
camel,1,org.apache.camel.component.mail.MailExchange,1,1,0,1,1,1,1,1,1,0.8,1,1.0,1,0.65,0.2875,1,1,1.0,1,0.875,0
camel,1,org.apache.camel.bam.model.TemporalEntity,1,1,1,1,1,1,1,1,1,0.666666667,1,1.0,0,0.333333333,0.642857143,0,0,1.0,1,1.0,0
camel,1,org.apache.camel.Route,1,1,1,1,1,1,1,1,1,0.714285714,1,1.0,1,0.0,0.5,0,0,1.0,1,0.875,0
camel,1,org.apache.camel.spi.Policy,1,1,0,1,1,0,1,1,1,1.0,1,0.0,0,0.0,1.0,0,0,0.0,1,1.0,0
camel,1,org.apache.camel.util.ExpressionHelper,1,1,0,1,1,1,1,1,1,1.0,1,0.0,0,0.0,0.5,0,0,1.0,1,0.6667,0
camel,1,org.apache.camel.MessageDriven,1,1,0,1,1,1,1,0,1,1.0,1,0.0,0,0.0,1.0,0,0,0.0,1,1.0,0
camel,1,org.apache.camel.bam.processor.NoCorrelationKeyException,1,1,0,1,1,0,1,1,1,0.5,1,1.0,1,0.894736842,0.555555556,0,0,1.0,1,0.6667,0
camel,1,org.apache.camel.builder.SplitterBuilder,1,1,0,1,1,0,1,1,1,0.0,1,1.0,1,0.985915493,0.666666667,1,1,1.0,1,0.5,0
camel,1,org.apache.camel.spring.xml.StatementRouteBuilder,1,1,0,1,1,1,1,1,1,0.625,1,1.0,0,0.902439024,0.466666667,1,1,1.0,1,1.0,0
camel,1,org.apache.camel.component.cxf.CxfInvokeConsumer,1,1,0,1,1,0,1,1,1,0.5,1,1.0,1,0.833333333,0.4375,1,1,1.0,1,0.75,0
camel,1,org.apache.camel.spring.util.DefaultMethodInvocationStrategy,1,1,0,1,1,0,1,1,1,0.0,1,1.0,0,0.0,0.583333333,0,0,1.0,1,0.75,0
camel,1,org.apache.camel.component.cxf.CxfEndpoint,1,1,0,1,1,1,1,1,1,0.785714286,1,1.0,1,0.5,0.183333333,1,1,1.0,1,1.0,0
camel,1,org.apache.camel.processor.loadbalancer.StickyLoadBalancer,1,1,0,1,1,1,0,1,1,0.5,1,1.0,1,0.5,0.267857143,1,1,1.0,1,1.0,0
camel,1,org.apache.camel.builder.IdempotentConsumerBuilder,1,1,0,1,1,0,1,1,1,0.5,1,1.0,1,0.95890411,0.45,1,1,1.0,1,0.75,0
camel,1,org.apache.camel.component.quartz.QuartzComponent,1,1,0,1,1,1,1,1,1,0.821428571,1,1.0,0,0.571428571,0.261904762,1,1,1.0,1,0.8667,0
camel,1,org.apache.camel.impl.converter.PropertyEditorTypeConverter,1,1,0,1,1,1,1,1,1,1.0,1,0.0,0,0.0,0.666666667,0,0,1.0,1,1.0,0
camel,1,org.apache.camel.spi.Marshaller,1,1,0,1,1,0,1,0,1,1.0,1,0.0,0,0.0,1.0,0,0,0.0,1,1.0,0
camel,1,org.apache.camel.component.jms.JmsComponent,1,1,1,1,1,1,1,1,1,0.715277778,1,0.333333333,1,0.258064516,0.121088435,1,1,1.0,1,0.9592,0
camel,1,org.apache.camel.spring.remoting.CamelServiceExporter,1,1,0,1,1,1,0,1,1,0.666666667,1,0.0,1,0.578947368,0.333333333,0,0,1.0,1,0.8889,0
camel,1,org.apache.camel.impl.DefaultConsumer,1,1,1,1,1,1,1,1,1,0.708333333,1,1.0,1,0.466666667,0.288888889,1,1,1.0,1,1.0,0
camel,1,org.apache.camel.component.file.FileProducer,1,1,0,1,1,1,1,1,1,0.5,1,1.0,1,0.8,0.4,0,0,1.0,1,1.0,1
camel,1,org.apache.camel.FailedToCreateProducerException,1,1,0,1,1,0,1,1,1,0.0,1,1.0,1,0.944444444,0.666666667,0,0,1.0,1,0.5,0
camel,1,org.apache.camel.processor.idempotent.NoMessageIdException,1,1,0,1,1,0,1,1,1,0.5,1,1.0,1,0.894736842,0.555555556,0,0,1.0,1,0.6667,0
camel,1,org.apache.camel.impl.converter.ArrayTypeConverter,1,1,0,1,1,1,1,1,1,1.0,1,0.0,0,0.0,0.666666667,0,0,1.0,1,1.0,0
camel,1,org.apache.camel.component.direct.DirectEndpoint,1,1,0,1,1,1,1,1,1,0.814814815,1,0.666666667,0,0.636363636,0.222222222,1,1,1.0,1,0.8,0
camel,1,org.apache.camel.processor.FilterProcessor,1,1,0,1,1,0,1,1,1,0.333333333,1,1.0,1,0.538461538,0.357142857,1,1,1.0,1,0.8571,0
camel,1,org.apache.camel.bam.processor.JpaBamProcessorSupport,1,1,1,1,1,1,1,1,1,0.75,1,1.0,1,0.333333333,0.2375,1,1,1.0,1,1.0,0
camel,1,org.apache.camel.component.cxf.transport.CamelTransportFactory,1,0,0,1,1,1,0,1,1,0.666666667,1,1.0,1,0.0,0.333333333,0,0,1.0,1,0.8,0
camel,1,org.apache.camel.spring.SpringCamelContext,1,1,0,1,1,1,1,1,1,0.333333333,1,1.0,0,0.826086957,0.4,1,1,1.0,1,0.8,0
camel,1,org.apache.camel.processor.loadbalancer.LoadBalancer,1,1,0,1,1,1,1,1,1,1.0,1,0.0,0,0.0,0.833333333,0,0,0.0,1,1.0,0
camel,1,org.apache.camel.impl.PredicateSupport,1,1,1,1,1,1,1,1,1,1.0,1,0.0,0,0.0,0.5625,0,0,1.0,1,1.0,0
camel,1,org.apache.camel.spring.spi.BeanInjector,1,1,0,1,1,1,0,1,1,1.0,1,0.0,0,0.833333333,0.666666667,0,0,1.0,1,0.5,0
camel,1,org.apache.camel.component.file.FileMessage,1,1,0,1,1,1,1,1,1,0.222222222,1,1.0,0,0.724137931,0.6,1,1,1.0,1,0.8,0
camel,1,org.apache.camel.component.mail.MessageHeaderNamesAccessException,1,1,0,1,1,0,1,1,1,1.0,1,1.0,0,1.0,1.0,0,0,1.0,0,0.0,0
camel,1,org.apache.camel.component.jbi.CamelJbiComponent,1,0,0,1,1,1,1,1,1,0.861111111,1,1.0,1,0.0,0.21978022,0,0,1.0,1,1.0,0
camel,1,org.apache.camel.spring.EndpointFactoryBean,1,1,0,1,1,1,0,1,1,0.795454545,1,1.0,1,0.0,0.266666667,0,0,1.0,1,0.9167,0
camel,1,org.apache.camel.builder.Builder,1,1,0,1,1,1,1,1,1,1.0,1,0.0,0,0.0,0.194444444,0,0,1.0,1,0.8889,0
camel,1,org.apache.camel.processor.loadbalancer.LoadBalancerSupport,1,1,1,1,1,0,1,1,1,0.0,1,1.0,0,0.0,0.75,0,0,1.0,1,0.75,0
camel,1,org.apache.camel.CamelContext,1,1,0,1,1,1,1,1,1,1.0,1,0.0,0,0.0,0.222222222,0,0,0.0,1,1.0,1
camel,1,org.apache.camel.component.cxf.transport.CamelConstants,1,1,0,0,1,0,0,0,1,1.0,1,0.0,0,0.0,1.0,0,0,1.0,0,0.0,0
camel,1,org.apache.camel.component.file.FileExchange,1,1,0,1,1,0,1,1,1,0.0,1,1.0,0,0.928571429,0.666666667,0,0,1.0,1,0.6667,0
camel,1,org.apache.camel.spring.util.BeanInfo,1,1,0,1,1,1,1,1,1,0.72,1,1.0,1,0.0,0.3,0,0,1.0,1,1.0,0
camel,1,org.apache.camel.component.http.CamelServlet,1,0,0,1,1,0,1,1,1,0.0,1,1.0,0,0.0,0.5,0,0,1.0,1,0.8,0
camel,1,org.apache.camel.builder.xml.MessageVariableResolver,1,1,0,1,1,1,1,1,1,1.0,1,0.375,1,0.0,0.36,0,0,1.0,1,1.0,0
camel,1,org.apache.camel.spring.RouteBuilderFinder,1,1,0,1,1,1,1,1,1,0.633333333,1,1.0,1,0.0,0.303030303,0,0,1.0,1,1.0,0
camel,1,org.apache.camel.util.Time,1,1,0,1,1,1,1,0,1,0.285714286,1,1.0,0,0.0,0.377777778,0,0,1.0,1,0.9333,0
camel,1,org.apache.camel.bam.model.EntitySupport,1,1,1,1,1,0,1,0,1,0.333333333,1,1.0,0,0.0,0.625,0,0,1.0,1,0.75,0
camel,1,org.apache.camel.ResolveEndpointFailedException,1,1,0,1,1,0,1,1,1,0.0,1,1.0,0,0.944444444,0.666666667,0,0,1.0,1,0.5,0
camel,1,org.apache.camel.component.jms.JmsConfiguration,1,1,1,1,1,1,1,1,1,0.954938272,1,1.0,1,0.0,0.114446529,0,0,1.0,1,1.0,0
camel,1,org.apache.camel.component.file.FileEndpoint,1,1,0,1,1,1,1,1,1,0.555555556,1,1.0,0,0.666666667,0.266666667,1,1,1.0,1,1.0,1
camel,1,org.apache.camel.spring.xml.CamelNamespaceHandler,1,1,0,1,1,1,1,1,1,0.625,1,1.0,1,0.692307692,0.533333333,0,0,1.0,1,0.8,0
camel,1,org.apache.camel.builder.LoggingErrorHandlerBuilder,1,1,0,1,1,0,1,1,1,0.25,1,1.0,1,0.0,0.416666667,0,0,1.0,1,0.6667,0
camel,1,org.apache.camel.builder.ProcessorBuilder,1,1,0,1,1,1,1,1,1,1.0,1,0.0,0,0.0,0.5,0,0,1.0,1,0.8333,0
camel,1,org.apache.camel.builder.Fluent,1,1,0,1,1,1,1,0,1,1.0,1,0.0,0,0.0,1.0,0,0,0.0,1,1.0,0
camel,1,org.apache.camel.spring.SpringRouteBuilder,1,1,0,1,1,1,0,1,1,0.25,1,1.0,0,0.902439024,0.45,0,0,1.0,1,1.0,0
camel,1,org.apache.camel.impl.MessageSupport,1,1,1,1,1,1,1,1,1,0.770833333,1,1.0,1,0.0,0.3,0,0,1.0,1,1.0,1
camel,1,org.apache.camel.component.mina.MinaProducer,1,1,0,1,1,0,1,1,1,0.583333333,1,1.0,1,0.8,0.5,1,1,1.0,1,1.0,0
camel,1,org.apache.camel.converter.jaxp.StringSource,1,1,0,1,1,0,1,0,1,0.25,1,1.0,0,0.692307692,0.714285714,0,0,1.0,1,0.5714,0
camel,1,org.apache.camel.component.mock.MockEndpoint,1,1,0,1,1,1,1,1,1,0.848484848,1,1.0,0,0.304347826,0.123376623,1,1,1.0,1,1.0,0
camel,1,org.apache.camel.spring.xml.BuilderAction,1,1,0,1,1,0,1,1,1,0.5,1,1.0,1,0.0,0.44,0,0,1.0,1,1.0,0
camel,1,org.apache.camel.impl.converter.DefaultTypeConverter,1,1,0,1,1,1,1,1,1,0.75,1,1.0,1,0.0,0.42,0,0,1.0,1,1.0,0
camel,1,org.apache.camel.processor.idempotent.MessageIdRepository,1,1,0,1,1,0,1,0,1,1.0,1,0.0,0,0.0,1.0,0,0,0.0,1,1.0,0
camel,1,org.apache.camel.spring.spi.SpringComponentResolver,1,1,0,1,1,0,1,1,1,0.0,1,1.0,1,0.0,0.6,0,0,1.0,1,0.5,0
camel,1,org.apache.camel.component.cxf.CxfConsumer,1,1,0,1,1,0,1,1,1,0.555555556,1,1.0,1,0.833333333,0.4,1,1,1.0,1,0.75,0
camel,1,org.apache.camel.component.processor.ProcessorEndpoint,1,1,0,1,1,1,1,1,1,0.714285714,1,1.0,1,0.666666667,0.291666667,1,1,1.0,1,0.875,0
camel,1,org.apache.camel.builder.xml.NamespaceBuilder,1,1,0,1,1,1,0,1,1,0.0,1,1.0,0,0.0,0.6,0,0,1.0,1,1.0,0
camel,1,org.apache.camel.builder.PolicyBuilder,1,1,0,1,1,0,1,1,1,0.555555556,1,1.0,1,0.0,0.5,0,0,1.0,1,0.75,0
camel,1,org.apache.camel.bam.processor.ProcessContext,1,1,0,1,1,1,1,1,1,0.830769231,1,1.0,1,0.0,0.297619048,0,0,1.0,1,0.9286,0
camel,1,org.apache.camel.impl.DefaultExchange,1,1,1,1,1,1,1,1,1,0.888888889,1,1.0,1,0.0,0.155555556,0,0,1.0,1,1.0,1
camel,1,org.apache.camel.util.ExpressionListComparator,1,1,0,1,1,1,1,1,1,0.0,1,1.0,0,0.0,0.5,0,0,1.0,1,1.0,0
camel,1,org.apache.camel.RuntimeCamelException,1,1,1,1,1,1,1,0,1,1.0,1,1.0,0,1.0,0.666666667,0,0,1.0,0,0.0,0
camel,1,org.apache.camel.impl.ScheduledPollConsumer,1,1,1,1,1,1,1,1,1,0.816326531,1,1.0,0,0.555555556,0.205357143,1,1,1.0,1,0.8,0
camel,1,org.apache.camel.processor.CompositeProcessor,1,1,0,1,1,0,1,1,1,0.0,1,1.0,0,0.583333333,0.444444444,1,1,1.0,1,1.0,0
camel,1,org.apache.camel.component.jms.RuntimeJmsException,1,1,1,1,1,0,1,0,1,1.0,1,1.0,0,1.0,1.0,0,0,1.0,0,0.0,0
camel,1,org.apache.camel.impl.converter.TypeConverterLoader,1,1,0,1,1,0,1,1,1,1.0,1,0.0,0,0.0,1.0,0,0,0.0,1,1.0,0
camel,1,org.apache.camel.component.jmx.JMXExchange,1,1,0,1,1,0,1,1,1,1.0,1,0.0,0,1.0,1.0,0,0,1.0,0,0.0,0
camel,1,org.apache.camel.component.jms.JmsExchange,1,1,0,1,1,1,1,1,1,0.833333333,1,1.0,1,0.604651163,0.273684211,1,1,1.0,1,0.8947,0
camel,1,org.apache.camel.TypeConverter,1,1,0,1,1,0,1,0,1,1.0,1,0.0,0,0.0,1.0,0,0,0.0,1,1.0,0
camel,1,org.apache.camel.builder.xml.XsltBuilder,1,1,0,1,1,1,0,1,1,0.65,1,1.0,1,0.0,0.13,0,0,1.0,1,1.0,1
camel,1,org.apache.camel.impl.PollingConsumerRoute,1,1,0,1,1,0,0,1,1,0.0,1,1.0,1,0.636363636,0.45,1,1,1.0,1,0.8,0
camel,1,org.apache.camel.util.CollectionHelper,1,1,0,1,1,1,1,0,1,1.0,1,0.0,0,0.0,0.5,0,0,1.0,1,1.0,0
camel,1,org.apache.camel.spi.Provider,1,1,0,0,1,0,0,0,1,1.0,1,0.0,0,0.0,1.0,0,0,0.0,1,1.0,0
camel,1,org.apache.camel.component.queue.QueueEndpointConsumer,1,1,0,1,1,0,1,1,1,0.583333333,1,1.0,1,0.636363636,0.466666667,1,1,1.0,1,1.0,0
camel,1,org.apache.camel.builder.ProcessorFactory,1,1,0,1,1,0,1,1,1,1.0,1,0.0,0,0.0,1.0,0,0,0.0,1,1.0,0
camel,1,org.apache.camel.impl.DefaultComponentResolver,1,1,0,1,1,1,1,1,1,0.5,1,1.0,1,0.0,0.666666667,0,0,1.0,1,1.0,0
camel,1,org.apache.camel.component.cxf.transport.CamelTransportBase,1,1,0,1,1,1,1,1,1,0.966666667,1,0.4,1,0.0,0.3,0,0,1.0,1,1.0,0
camel,1,org.apache.camel.util.FactoryFinder,1,1,0,1,1,1,1,1,1,0.555555556,1,1.0,0,0.0,0.55,0,0,1.0,1,0.8,0
camel,1,org.apache.camel.Processor,1,1,0,1,1,0,1,1,1,1.0,1,0.0,0,0.0,1.0,0,0,0.0,1,1.0,1
camel,1,org.apache.camel.spring.Main,1,1,0,1,1,1,1,1,1,0.739583333,1,1.0,0,0.318181818,0.25,1,1,1.0,1,1.0,0
camel,1,org.apache.camel.component.jbi.JbiExchange,1,1,0,1,1,1,1,1,1,0.916666667,1,1.0,1,0.604651163,0.273684211,1,1,1.0,1,0.8947,0
camel,1,org.apache.camel.impl.converter.InstanceMethodTypeConverter,1,1,0,1,1,0,1,1,1,0.25,1,1.0,1,0.0,0.466666667,0,0,1.0,1,1.0,0
camel,1,org.apache.camel.spi.XmlUnmarshaller,1,1,0,1,1,1,0,1,1,1.0,1,0.0,0,0.0,0.555555556,0,0,1.0,1,0.6667,0
camel,1,org.apache.camel.builder.script.ScriptEvaluationException,1,1,0,1,1,1,1,1,1,1.0,1,0.0,0,1.0,0.777777778,0,0,1.0,0,0.0,0
camel,1,org.apache.camel.spi.ComponentResolver,1,1,0,1,1,0,1,1,1,1.0,1,0.0,0,0.0,1.0,0,0,0.0,1,1.0,0
camel,1,org.apache.camel.component.http.HttpComponent,1,1,1,1,1,1,1,1,1,0.4,1,1.0,1,0.761904762,0.366666667,1,1,1.0,1,0.8333,0
camel,1,org.apache.camel.component.mail.JavaMailConnection,1,1,0,1,1,1,1,1,1,1.0,1,0.0,0,0.964285714,0.75,0,0,1.0,1,0.5,0
camel,1,org.apache.camel.builder.PipelineBuilder,1,1,0,1,1,0,1,1,1,0.0,1,1.0,0,0.985915493,0.666666667,1,1,1.0,1,0.5,0
camel,1,org.apache.camel.impl.DefaultComponent,1,1,1,1,1,1,1,1,1,0.733333333,1,1.0,1,0.4375,0.309090909,1,1,1.0,1,0.9091,0
camel,1,org.apache.camel.bam.TimeExpression,1,1,1,1,1,1,1,1,1,0.666666667,1,1.0,1,0.0,0.285714286,0,0,1.0,1,1.0,0
camel,1,org.apache.camel.builder.MulticastBuilder,1,1,0,1,1,0,1,1,1,0.0,1,1.0,0,0.985915493,0.666666667,1,1,1.0,1,0.5,0
camel,1,org.apache.camel.component.mail.MailConsumer,1,1,0,1,1,1,1,1,1,0.666666667,1,1.0,1,0.771428571,0.296296296,1,1,1.0,1,1.0,0
camel,1,org.apache.camel.view.RouteDotGenerator,1,1,0,1,1,1,0,1,1,0.75,1,1.0,0,0.0,0.4,0,0,1.0,1,0.8571,0
camel,1,org.apache.camel.spring.util.MethodInvocationStrategy,1,1,0,1,1,0,1,1,1,1.0,1,0.0,0,0.0,1.0,0,0,0.0,1,1.0,0
camel,1,org.apache.camel.component.cxf.CxfInvokeComponent,1,1,0,1,1,1,1,1,1,0.6,1,1.0,0,0.8,0.366666667,1,1,1.0,1,1.0,0
camel,1,org.apache.camel.component.rmi.RmiComponent,1,1,0,1,1,1,1,1,1,1.0,1,0.0,0,0.941176471,0.5,1,1,1.0,1,0.3333,0
camel,1,org.apache.camel.util.URISupport,1,1,0,1,1,1,1,1,1,1.0,1,0.0,0,0.0,0.28,0,0,1.0,1,1.0,0
camel,1,org.apache.camel.builder.FilterBuilder,1,1,1,1,1,0,1,1,1,0.0,1,1.0,1,0.933333333,0.555555556,1,1,1.0,1,0.8333,0
camel,1,org.apache.camel.component.jbi.JbiBinding,1,1,0,1,1,1,1,1,1,1.0,1,0.0,0,0.0,0.444444444,0,0,1.0,1,1.0,0
camel,1,org.apache.camel.processor.Splitter,1,1,0,1,1,0,1,1,1,0.25,1,1.0,1,0.636363636,0.4,1,1,1.0,1,0.8,0
camel,1,org.apache.camel.RuntimeTransformException,1,1,0,1,1,1,1,1,1,1.0,1,1.0,0,1.0,0.777777778,0,0,1.0,0,0.0,0
camel,1,org.apache.camel.spring.util.MethodInfo,1,1,0,1,1,1,1,1,1,0.722222222,1,1.0,1,0.0,0.285714286,0,0,1.0,1,0.8571,0
camel,1,org.apache.camel.converter.CollectionConverter,1,1,0,0,1,1,0,0,1,1.0,1,0.0,0,0.0,0.25,0,0,1.0,1,1.0,0
camel,1,org.apache.camel.component.mail.RuntimeMailException,1,1,1,1,1,0,1,0,1,1.0,1,1.0,0,1.0,1.0,0,0,1.0,0,0.0,0
camel,1,org.apache.camel.ExpectedBodyTypeException,1,1,0,1,1,0,1,1,1,0.5,1,1.0,1,0.894736842,0.555555556,0,0,1.0,1,0.6667,0
camel,1,org.apache.camel.component.mock.AssertionClause,1,1,1,1,1,1,1,1,1,0.625,1,1.0,0,0.0,0.26984127,0,0,1.0,1,1.0,0
camel,1,org.apache.camel.component.mail.MailProducer,1,1,0,1,1,1,1,1,1,0.777777778,1,1.0,1,0.857142857,0.4,0,0,1.0,1,0.5,0
camel,1,org.apache.camel.component.jbi.JbiMessage,1,1,0,1,1,1,1,1,1,0.5,1,1.0,0,0.65625,0.326923077,1,1,1.0,1,1.0,0
camel,1,org.apache.camel.component.activemq.ActiveMQConfiguration,1,1,0,1,1,1,1,1,1,0.571428571,1,1.0,0,0.91954023,0.416666667,1,1,1.0,1,1.0,0
camel,1,org.apache.camel.builder.xml.ResultHandler,1,1,0,1,1,1,1,1,1,1.0,1,0.0,0,0.0,0.75,0,0,0.0,1,1.0,0
camel,1,org.apache.camel.builder.xml.XPathBuilder,1,1,0,1,1,1,1,1,1,0.82078853,1,1.0,1,0.0,0.165625,0,0,1.0,1,1.0,0
camel,1,org.apache.camel.component.mail.MailBinding,1,1,0,1,1,1,1,1,1,1.0,1,0.0,0,0.0,0.3,0,0,1.0,1,1.0,0
camel,1,org.apache.camel.converter.jaxp.XmlConverter,1,1,0,1,1,1,1,1,1,0.9,1,0.6,0,0.0,0.121052632,0,0,1.0,1,1.0,0
camel,1,org.apache.camel.NoSuchEndpointException,1,1,0,1,1,0,1,1,1,1.0,1,1.0,0,0.944444444,0.75,0,0,1.0,1,0.5,0
camel,1,org.apache.camel.impl.NoRouteBuilder,1,1,0,1,1,1,0,1,1,0.666666667,1,1.0,1,0.948717949,0.666666667,1,1,1.0,1,0.5,0
camel,1,org.apache.camel.component.xmpp.XmppBinding,1,1,0,1,1,1,1,1,1,1.0,1,0.0,0,0.0,0.458333333,0,0,1.0,1,1.0,0
camel,1,org.apache.camel.component.jbi.CamelJbiEndpoint,1,0,0,1,1,0,1,1,1,0.55,1,1.0,1,0.0,0.5,0,0,1.0,1,0.4,0
camel,1,org.apache.camel.Body,0,1,0,1,0,0,1,0,0,1.0,0,0.0,0,0.0,0.0,0,0,0.0,0,0.0,0
camel,1,org.apache.camel.impl.DefaultExchangeConverter,1,1,0,1,1,1,1,1,1,1.0,1,0.0,0,0.0,0.666666667,0,0,1.0,1,0.5,0
camel,1,org.apache.camel.spring.converter.ResourceConverter,1,1,0,1,1,1,0,1,1,1.0,1,0.0,0,0.0,0.166666667,0,0,1.0,1,0.875,0
camel,1,org.apache.camel.builder.ChoiceBuilder,1,1,0,1,1,0,1,1,1,0.6,1,1.0,1,0.933333333,0.444444444,1,1,1.0,1,0.8333,0
camel,1,org.apache.camel.converter.NIOConverter,1,1,0,1,1,1,1,0,1,1.0,1,0.0,0,0.0,0.111111111,0,0,1.0,1,0.8889,1
camel,1,org.apache.camel.spring.CamelBeanPostProcessor,1,1,0,1,1,1,1,1,1,0.763888889,1,1.0,1,0.0,0.191919192,0,0,1.0,1,1.0,0
camel,1,org.apache.camel.Service,1,1,0,1,1,1,1,0,1,1.0,1,0.0,0,0.0,1.0,0,0,0.0,1,1.0,0
camel,1,org.apache.camel.impl.EventDrivenConsumerRoute,1,1,0,1,1,0,1,1,1,0.0,1,1.0,1,0.636363636,0.45,1,1,1.0,1,0.8,0
camel,1,org.apache.camel.component.mail.MailEndpoint,1,1,0,1,1,1,1,1,1,0.681818182,1,1.0,1,0.620689655,0.194444444,1,1,1.0,1,1.0,0
camel,1,org.apache.camel.processor.LoggingErrorHandler,1,1,0,1,1,1,1,1,1,0.555555556,1,1.0,1,0.388888889,0.307692308,1,1,1.0,1,1.0,0
camel,1,org.apache.camel.component.jms.JmsBinding,1,1,0,1,1,1,1,1,1,1.0,1,0.0,0,0.0,0.317460317,0,0,1.0,1,1.0,0
camel,1,org.apache.camel.component.cxf.CxfMessage,1,1,0,1,1,1,1,1,1,0.153846154,1,1.0,0,0.636363636,0.339285714,1,1,1.0,1,0.9286,0
camel,1,org.apache.camel.processor.RecipientList,1,1,0,1,1,1,1,1,1,0.6,1,1.0,1,0.583333333,0.416666667,1,1,1.0,1,0.8333,0
camel,1,org.apache.camel.component.cxf.transport.CamelConduit,1,0,0,1,1,1,1,1,1,0.854166667,1,1.0,1,0.0,0.202380952,0,0,1.0,1,1.0,0
camel,1,org.apache.camel.impl.converter.AnnotationTypeConverterLoader,1,1,0,1,1,1,1,1,1,0.75,1,0.75,1,0.0,0.361111111,0,0,1.0,1,1.0,0
camel,1,org.apache.camel.spring.xml.BeanDefinitionParser,1,1,1,1,1,1,1,1,1,0.75,1,1.0,0,0.85,0.4,1,1,1.0,1,1.0,0
camel,1,org.apache.camel.bam.ActivityBuilder,1,1,0,1,1,1,1,1,1,0.8,1,1.0,1,0.0,0.272727273,0,0,1.0,1,0.9091,0
camel,1,org.apache.camel.component.cxf.CxfConstants,0,1,0,0,0,0,0,0,0,1.0,1,0.0,0,0.0,0.0,0,0,0.0,0,0.0,0
camel,1,org.apache.camel.converter.HasAnnotation,1,1,0,0,1,0,0,0,1,1.0,1,0.0,0,0.0,1.0,0,0,0.0,1,1.0,0
camel,1,org.apache.camel.processor.ErrorHandler,0,1,0,1,0,0,1,1,0,1.0,0,0.0,0,0.0,0.0,0,0,0.0,0,0.0,0
camel,1,org.apache.camel.impl.BinaryPredicateSupport,1,1,1,1,1,1,1,1,1,0.375,1,1.0,1,0.0,0.444444444,0,0,1.0,1,1.0,0
camel,1,org.apache.camel.spi.Unmarshaller,1,1,0,1,1,0,1,0,1,1.0,1,0.0,0,0.0,1.0,0,0,0.0,1,1.0,0
camel,1,org.apache.camel.component.pojo.PojoComponent,1,1,0,1,1,1,1,1,1,0.5,1,1.0,0,0.666666667,0.291666667,1,1,1.0,1,0.8889,0
camel,1,org.apache.camel.component.activemq.ActiveMQComponent,1,1,0,1,1,1,0,1,1,1.0,1,0.0,0,0.911764706,0.305555556,1,1,1.0,1,0.6667,0
camel,1,org.apache.camel.builder.xml.StreamResultHandler,1,1,0,1,1,0,1,1,1,0.5,1,0.0,0,0.0,0.666666667,0,0,1.0,1,0.6667,0
camel,1,org.apache.camel.processor.loadbalancer.TopicLoadBalancer,1,1,0,1,1,1,0,1,1,1.0,1,0.0,0,0.6,0.666666667,0,0,1.0,1,0.6667,0
camel,1,org.apache.camel.spring.util.ReflectionUtils,1,1,0,1,1,1,1,1,1,1.0,1,0.0,0,0.875,0.416666667,0,0,1.0,1,1.0,0
camel,1,org.apache.camel.builder.xml.StringResultHandler,1,1,0,1,1,0,1,1,1,0.5,1,0.0,0,0.0,0.666666667,0,0,1.0,1,0.6667,0
camel,1,org.apache.camel.Predicate,1,1,0,1,1,1,1,0,1,1.0,1,0.0,0,0.0,0.833333333,0,0,0.0,1,1.0,0
camel,1,org.apache.camel.util.ResolverUtil,1,1,0,1,1,1,1,1,1,0.566666667,1,1.0,0,0.0,0.357142857,0,0,1.0,1,1.0,0
camel,1,org.apache.camel.Property,1,1,0,1,1,0,1,0,1,1.0,1,0.0,0,0.0,1.0,0,0,0.0,1,1.0,0
camel,1,org.apache.camel.impl.NoPolicy,1,1,0,1,1,1,0,1,1,1.0,1,0.0,0,0.0,0.75,0,0,1.0,1,0.5,0
camel,1,org.apache.camel.util.ServiceHelper,1,1,0,1,1,1,1,1,1,0.666666667,1,1.0,0,0.0,0.25,0,0,1.0,1,0.7143,0
camel,1,org.apache.camel.component.processor.ProcessorEndpointConsumer,1,1,0,1,1,0,1,1,1,0.0,1,1.0,1,0.882352941,0.555555556,1,1,1.0,1,0.6667,0
camel,1,org.apache.camel.impl.DefaultEndpoint,1,1,1,1,1,1,1,1,1,0.839285714,1,1.0,1,0.0,0.219047619,1,1,1.0,1,1.0,0
camel,1,org.apache.camel.component.mina.MinaEndpoint,1,1,0,1,1,1,1,1,1,0.9,1,1.0,0,0.583333333,0.181818182,1,1,1.0,1,0.9091,0
camel,1,org.apache.camel.Component,1,1,0,1,1,1,1,1,1,1.0,1,0.0,0,0.0,0.555555556,0,0,0.0,1,1.0,0
camel,1,org.apache.camel.component.quartz.QuartzConsumer,1,1,0,1,1,1,1,1,1,1.0,1,0.0,0,0.789473684,0.466666667,1,1,1.0,1,0.8,0
camel,1,org.apache.camel.bam.rules.ProcessRules,1,1,0,1,1,0,1,1,1,0.571428571,1,1.0,1,0.5,0.3,1,1,1.0,1,1.0,0
camel,1,org.apache.camel.builder.BuilderSupport,1,1,1,1,1,1,1,1,1,0.846153846,1,1.0,1,0.0,0.141975309,0,0,1.0,1,1.0,0
camel,1,org.apache.camel.component.rmi.RmiEndpoint,1,1,0,1,1,1,1,1,1,0.839285714,1,1.0,0,0.5,0.183333333,1,1,1.0,1,1.0,0
camel,1,org.apache.camel.component.cxf.CxfProducer,1,1,0,1,1,0,1,1,1,0.4,1,1.0,1,0.75,0.36,1,1,1.0,1,1.0,0
camel,1,org.apache.camel.processor.loadbalancer.QueueLoadBalancer,1,1,1,1,1,1,1,1,1,1.0,1,0.0,0,0.6,0.666666667,0,0,1.0,1,0.6667,0
camel,1,org.apache.camel.component.pojo.timer.TimerConsumer,1,1,0,1,1,1,1,1,1,0.6,1,1.0,1,0.75,0.305555556,1,1,1.0,1,1.0,0
camel,1,org.apache.camel.bam.ActivityLifecycle,1,1,0,1,1,1,1,1,1,0.888888889,1,0.333333333,1,0.857142857,0.444444444,1,1,1.0,1,0.5,0
camel,1,org.apache.camel.bam.processor.BamProcessorSupport,1,1,1,1,1,1,1,1,1,0.777777778,1,1.0,1,0.0,0.351851852,0,0,1.0,1,0.7,0
camel,1,org.apache.camel.bam.processor.JpaBamProcessor,1,1,0,1,1,1,1,1,1,0.5,1,1.0,0,0.913043478,0.472222222,0,0,1.0,1,0.4,0
camel,1,org.apache.camel.component.pojo.PojoExchange,1,1,0,1,1,1,1,1,1,1.0,1,0.0,0,0.896551724,0.5,1,1,1.0,1,0.75,0
camel,1,org.apache.camel.util.ExpressionComparator,1,1,0,1,1,1,1,1,1,0.0,1,1.0,1,0.0,0.5,0,0,1.0,1,0.6667,0
camel,1,org.apache.camel.component.file.FileConsumer,1,1,0,1,1,1,1,1,1,0.730769231,1,1.0,1,0.692307692,0.307692308,1,1,1.0,1,1.0,1
camel,1,org.apache.camel.component.jmx.JMXEndpoint,1,1,0,1,1,1,1,1,1,0.921052632,1,1.0,0,0.4375,0.190789474,1,1,1.0,1,0.9,0
camel,1,org.apache.camel.impl.ServiceSupport,1,1,1,1,1,1,1,1,1,0.666666667,1,1.0,0,0.0,1.0,0,0,1.0,1,0.875,1
camel,1,org.apache.camel.spring.xml.IllegalActionException,1,1,0,1,1,0,1,0,1,0.666666667,1,1.0,0,0.944444444,0.75,1,1,1.0,1,1.0,0
camel,1,org.apache.camel.builder.xml.DomResultHandler,1,1,0,1,1,0,1,1,1,0.0,1,1.0,0,0.0,0.666666667,0,0,1.0,1,0.6667,0
camel,1,org.apache.camel.converter.jaxp.BytesSource,1,1,0,1,1,0,1,0,1,0.0,1,1.0,0,0.692307692,0.5,0,0,1.0,1,0.6667,0
camel,1,org.apache.camel.builder.RouteBuilder,1,1,1,1,1,1,1,1,1,0.641025641,1,1.0,0,0.675675676,0.1875,1,1,1.0,1,1.0,0
camel,1,org.apache.camel.NoTypeConversionAvailableException,1,1,0,1,1,0,0,1,1,0.5,1,1.0,0,0.894736842,0.555555556,0,0,1.0,1,0.6667,0
camel,1,org.apache.camel.spring.xml.ScriptDefinitionParser,1,1,0,1,1,0,1,1,1,0.0,1,1.0,0,0.954545455,0.6,1,1,1.0,1,1.0,0
camel,1,org.apache.camel.builder.UndefinedDestinationException,1,1,0,1,1,0,0,1,1,1.0,1,1.0,0,1.0,1.0,0,0,1.0,0,0.0,0
camel,1,org.apache.camel.util.ProducerCache,1,1,0,1,1,1,1,1,1,0.583333333,1,1.0,0,0.583333333,0.458333333,1,1,1.0,1,1.0,0
camel,1,org.apache.camel.component.xmpp.RuntimeXmppException,1,1,0,1,1,1,1,1,1,1.0,1,1.0,0,1.0,0.833333333,0,0,1.0,0,0.0,0
camel,1,org.apache.camel.component.xmpp.XmppGroupChatProducer,1,1,0,1,1,0,1,1,1,0.642857143,1,1.0,1,0.666666667,0.314285714,1,1,1.0,1,0.875,0
camel,1,org.apache.camel.builder.DeadLetterChannelBuilder,1,1,0,1,1,1,1,1,1,0.771604938,1,1.0,1,0.0,0.117346939,0,0,1.0,1,1.0,0
camel,1,org.apache.camel.builder.ErrorHandlerBuilder,1,1,0,1,1,1,1,1,1,1.0,1,0.0,0,0.0,0.75,0,0,0.0,1,1.0,0
camel,1,org.apache.camel.component.jms.JmsIOConverter,1,1,0,1,1,1,0,1,1,1.0,1,0.0,0,0.0,0.333333333,0,0,1.0,1,0.6667,0
camel,1,org.apache.camel.Producer,1,1,0,1,1,1,1,1,1,1.0,1,0.0,0,0.0,0.666666667,0,0,0.0,1,1.0,0
camel,1,org.apache.camel.impl.converter.StaticMethodTypeConverter,1,1,0,1,1,0,1,1,1,0.0,1,1.0,0,0.0,0.5,0,0,1.0,1,0.6667,0
camel,1,org.apache.camel.builder.xml.DefaultNamespaceContext,1,1,0,1,1,0,1,0,1,0.142857143,1,1.0,0,0.0,0.333333333,0,0,1.0,1,1.0,0
camel,1,org.apache.camel.component.rmi.RmiConsumer,1,1,0,1,1,1,1,1,1,0.666666667,1,1.0,1,0.75,0.305555556,1,1,1.0,1,0.8333,0
camel,1,org.apache.camel.spring.spi.SpringTransactionPolicy,1,1,0,1,1,1,1,1,1,0.6,1,1.0,0,0.0,0.533333333,0,0,1.0,1,0.6667,0
camel,1,org.apache.camel.component.jbi.JbiEndpoint,1,1,0,1,1,1,1,1,1,0.6875,1,1.0,1,0.636363636,0.266666667,1,1,1.0,1,0.8889,0
camel,1,org.apache.camel.bam.rules.ActivityRules,1,1,0,1,1,1,1,1,1,0.869047619,1,1.0,1,0.388888889,0.185185185,1,1,1.0,1,1.0,0
camel,1,org.apache.camel.builder.FluentArg,1,1,0,1,1,1,1,0,1,1.0,1,0.0,0,0.0,1.0,0,0,0.0,1,1.0,0
camel,1,org.apache.camel.builder.NoErrorHandlerBuilder,1,1,0,1,1,1,1,1,1,1.0,1,0.0,0,0.0,0.666666667,0,0,1.0,1,0.6667,0
camel,1,org.apache.camel.component.cxf.CxfInvokeProducer,1,1,0,1,1,0,1,1,1,0.25,1,1.0,1,0.75,0.4,1,1,1.0,1,0.8,0
camel,1,org.apache.camel.spring.remoting.CamelProxyFactoryBean,1,1,0,1,1,1,0,1,1,0.791666667,1,1.0,1,0.384615385,0.407407407,0,0,1.0,1,1.0,0
camel,1,org.apache.camel.spring.component.BeanComponent,1,1,0,1,1,0,1,1,1,0.25,1,1.0,0,0.842105263,0.45,1,1,1.0,1,0.6,0
camel,1,org.apache.camel.component.quartz.QuartzMessage,1,1,0,1,1,0,1,1,1,0.0,1,1.0,0,0.913043478,0.5,1,1,1.0,1,1.0,0
camel,1,org.apache.camel.processor.idempotent.MemoryMessageIdRepository,1,1,0,1,1,1,0,1,1,0.5,1,1.0,0,0.0,0.3,0,0,1.0,1,1.0,0
camel,1,org.apache.camel.InvalidHeaderTypeException,1,1,0,1,1,0,0,1,1,0.833333333,1,1.0,0,0.894736842,0.5,0,0,1.0,1,0.75,0
camel,1,org.apache.camel.Exchange,1,1,0,1,1,1,1,1,1,1.0,1,0.0,0,0.0,0.228571429,0,0,0.0,1,1.0,0
camel,1,org.apache.camel.component.xmpp.XmppPrivateChatProducer,1,1,0,1,1,0,1,1,1,0.642857143,1,1.0,1,0.666666667,0.314285714,1,1,1.0,1,0.875,0
camel,1,org.apache.camel.bam.rules.TemporalRule,1,1,0,1,1,1,1,1,1,0.785714286,1,1.0,1,0.35,0.214285714,1,1,1.0,1,1.0,0
camel,1,org.apache.camel.spring.xml.MethodInfo,1,1,0,1,1,0,1,1,1,0.75,1,0.0,1,0.0,0.625,0,0,1.0,1,0.5,0
camel,1,org.apache.camel.processor.DeadLetterChannel,1,1,0,1,1,1,1,1,1,0.780952381,1,0.714285714,1,0.35,0.255555556,1,1,1.0,1,1.0,0
camel,1,org.apache.camel.component.cxf.CxfBinding,1,1,0,1,1,1,1,1,1,1.0,1,0.0,0,0.0,0.583333333,0,0,1.0,1,1.0,0
camel,1,org.apache.camel.builder.InterceptorBuilder,1,1,0,1,1,0,1,1,1,0.555555556,1,1.0,1,0.0,0.5,0,0,1.0,1,0.75,0
camel,1,org.apache.camel.component.jms.JmsProducer,1,1,0,1,1,1,1,1,1,0.666666667,1,1.0,1,0.75,0.28,0,0,1.0,1,0.6667,0
camel,1,org.apache.camel.bam.model.ActivityState,1,1,0,1,1,1,1,1,1,0.896825397,1,1.0,1,0.3,0.227272727,0,0,1.0,1,1.0,0
camel,1,org.apache.camel.component.cxf.CxfExchange,1,1,0,1,1,1,1,1,1,0.795454545,1,1.0,1,0.565217391,0.246376812,1,1,1.0,1,0.8696,0
camel,1,org.apache.camel.spring.spi.SpringInjector,1,1,0,1,1,0,1,1,1,0.708333333,1,1.0,0,0.166666667,0.333333333,0,0,1.0,1,0.7143,0
camel,1,org.apache.camel.component.jms.MessageListenerProcessor,1,1,0,1,1,0,0,1,1,0.0,1,1.0,1,0.0,0.625,0,0,1.0,1,0.5,0
camel,1,org.apache.camel.component.http.HttpExchange,1,1,0,1,1,1,1,1,1,0.666666667,1,1.0,1,0.896551724,0.45,0,0,1.0,1,0.6,0
camel,1,org.apache.camel.component.pojo.NoPojoAvailableException,1,1,0,1,1,0,1,1,1,0.0,1,1.0,1,0.944444444,0.75,0,0,1.0,1,0.5,0
camel,1,org.apache.camel.component.jms.MessagePropertyAccessException,1,1,0,1,1,0,1,1,1,1.0,1,1.0,0,0.944444444,0.666666667,0,0,1.0,1,0.5,0
camel,1,org.apache.camel.component.pojo.PojoEndpoint,1,1,0,1,1,1,1,1,1,0.625,1,1.0,0,0.636363636,0.277777778,1,1,1.0,1,0.8889,0
camel,1,org.apache.camel.impl.DefaultProducer,1,1,1,1,1,1,1,1,1,0.4,1,1.0,1,0.583333333,0.444444444,1,1,1.0,1,0.8333,0
camel,1,org.apache.camel.Endpoint,1,1,0,1,1,1,1,1,1,1.0,1,0.0,0,0.0,0.444444444,0,0,0.0,1,1.0,0
camel,1,org.apache.camel.component.mina.MinaConsumer,1,1,0,1,1,0,1,1,1,0.5625,1,1.0,1,0.833333333,0.375,1,1,1.0,1,0.6,0
camel,1,org.apache.camel.converter.jaxb.JaxbConverter,1,1,0,1,1,1,0,1,1,0.6,1,1.0,1,0.0,0.444444444,0,0,1.0,1,1.0,0
camel,1,org.apache.camel.component.xmpp.XmppEndpoint,1,1,0,1,1,1,1,1,1,0.92081448,1,1.0,1,0.29787234,0.152941176,1,1,1.0,1,0.9714,0
camel,1,org.apache.camel.processor.Logger,1,1,0,1,1,1,1,1,1,0.409090909,1,1.0,1,0.0,0.305555556,0,0,1.0,1,1.0,0
camel,1,org.apache.camel.processor.Pipeline,1,1,0,1,1,1,1,1,1,1.0,1,0.0,0,0.789473684,0.5,0,0,1.0,1,1.0,0
camel,1,org.apache.camel.component.jmx.JMXComponent,1,1,0,1,1,1,1,1,1,0.5,1,1.0,0,0.842105263,0.36,1,1,1.0,1,0.6,0
camel,1,org.apache.camel.util.NoFactoryAvailableException,1,1,0,1,1,0,1,0,1,0.0,1,1.0,0,0.944444444,0.75,0,0,1.0,1,0.5,0
camel,1,org.apache.camel.builder.ToBuilder,1,1,0,1,1,0,1,1,1,0.0,1,1.0,1,0.985915493,0.666666667,1,1,1.0,1,0.5,0
camel,1,org.apache.camel.component.jms.JmsMessage,1,1,0,1,1,1,1,1,1,0.692307692,1,1.0,0,0.65625,0.243589744,1,1,1.0,1,1.0,0
camel,1,org.apache.camel.impl.ScheduledPollEndpoint,1,1,1,1,1,1,1,1,1,0.25,1,1.0,0,0.777777778,0.4,0,0,1.0,1,1.0,0
camel,1,org.apache.camel.component.mail.MailComponent,1,1,0,1,1,1,1,1,1,0.791666667,1,0.333333333,1,0.727272727,0.311111111,1,1,1.0,1,0.6667,0
camel,1,org.apache.camel.component.cxf.CxfInvokeEndpoint,1,1,0,1,1,1,1,1,1,0.821428571,1,1.0,1,0.5,0.191666667,1,1,1.0,1,1.0,0
camel,1,org.apache.camel.spring.xml.LazyLoadingBeanDefinitionParser,1,1,1,1,1,0,1,1,1,0.0,1,1.0,0,0.952380952,0.75,1,1,1.0,1,1.0,0
camel,1,org.apache.camel.component.mail.MailConfiguration,1,1,0,1,1,1,1,1,1,0.907407407,1,1.0,0,0.0,0.1875,0,0,1.0,1,1.0,0
camel,1,org.apache.camel.component.jbi.ToJbiProcessor,1,1,0,1,1,0,1,1,1,0.0,1,1.0,1,0.0,0.6,0,0,1.0,1,0.5,0
camel,1,org.apache.camel.component.jmx.JMXConsumer,1,1,0,1,1,0,1,1,1,0.0,1,0.0,1,0.9375,0.6,0,0,1.0,1,0.5,0
camel,1,org.apache.camel.util.IntrospectionSupport,1,1,0,1,1,1,1,0,1,1.0,1,0.0,0,0.0,0.276190476,0,0,1.0,1,1.0,0
camel,1,org.apache.camel.util.ObjectHelper,1,1,0,1,1,1,1,1,1,0.823529412,1,1.0,0,0.0,0.135294118,1,1,1.0,1,1.0,0
camel,1,org.apache.camel.component.http.HttpConsumer,1,1,0,1,1,1,1,1,1,0.333333333,1,1.0,1,0.714285714,0.428571429,1,1,1.0,1,0.8571,0
camel,1,org.apache.camel.builder.script.ScriptBuilder,1,1,0,1,1,1,0,1,1,0.675757576,1,1.0,0,0.0,0.125757576,0,0,1.0,1,1.0,0
camel,1,org.apache.camel.processor.Resequencer,1,1,0,1,1,1,1,1,1,0.757352941,1,1.0,1,0.333333333,0.170588235,1,1,1.0,1,1.0,0
camel,1,org.apache.camel.component.http.HttpProducer,1,1,0,1,1,1,1,1,1,0.666666667,1,1.0,0,0.8,0.666666667,0,0,1.0,1,1.0,0
camel,1,org.apache.camel.spi.Injector,1,1,0,1,1,0,1,0,1,1.0,1,0.0,0,0.0,1.0,0,0,0.0,1,1.0,0
camel,1,org.apache.camel.impl.PollingConsumerSupport,1,1,1,1,1,1,1,1,1,0.6,1,1.0,1,0.583333333,0.375,0,0,1.0,1,1.0,0
camel,1,org.apache.camel.component.pojo.timer.TimerEndpoint,1,1,0,1,1,1,1,1,1,0.912698413,1,1.0,1,0.4375,0.203007519,1,1,1.0,1,0.9474,0
camel,1,org.apache.camel.component.jbi.FromJbiProcessor,1,1,0,1,1,0,0,1,1,0.0,1,1.0,1,0.0,0.6,0,0,1.0,1,0.5,0
camel,1,org.apache.camel.component.jmx.JMXMessage,1,1,0,1,1,1,1,1,1,0.25,1,1.0,0,0.75,0.555555556,1,1,1.0,1,0.7778,0
camel,1,org.apache.camel.spi.XmlMarshaller,1,1,0,1,1,1,0,1,1,1.0,1,0.0,0,0.0,0.583333333,0,0,1.0,1,0.6667,0
camel,1,org.apache.camel.bam.ProcessBuilder,1,1,0,1,1,1,1,1,1,0.782894737,1,1.0,1,0.672727273,0.16,1,1,1.0,1,1.0,0
camel,1,org.apache.camel.component.mina.MinaExchange,1,1,0,1,1,0,1,1,1,1.0,1,0.0,0,1.0,1.0,0,0,1.0,0,0.0,0
camel,1,org.apache.camel.PollingConsumer,1,1,0,1,1,1,1,1,1,1.0,1,0.0,0,0.0,0.666666667,0,0,0.0,1,1.0,0
camel,1,org.apache.camel.converter.ObjectConverter,1,1,0,1,1,1,1,0,1,1.0,1,0.0,0,0.0,0.5,0,0,1.0,1,1.0,0
camel,1,org.apache.camel.component.quartz.CamelJob,1,1,0,1,1,1,0,1,1,1.0,1,0.0,0,0.0,0.75,0,0,1.0,1,0.5,0
camel,1,org.apache.camel.component.xmpp.XmppConsumer,1,1,0,1,1,0,1,1,1,0.5,1,1.0,1,0.833333333,0.4375,1,1,1.0,1,1.0,0
camel,1,org.apache.camel.spring.xml.RouteBuilderFactoryBean,1,1,0,1,1,1,0,1,1,0.805555556,1,1.0,1,0.0,0.325,0,0,1.0,1,0.9,0
camel,1,org.apache.camel.component.queue.QueueEndpoint,1,1,0,1,1,1,1,1,1,0.666666667,1,1.0,0,0.7,0.285714286,1,1,1.0,1,0.8571,0
camel,1,org.apache.camel.impl.ReflectionInjector,1,1,1,1,1,1,1,1,1,1.0,1,0.0,0,0.0,0.75,0,0,1.0,1,0.5,0
camel,1,org.apache.camel.component.pojo.timer.TimerComponent,1,1,0,1,1,0,1,1,1,0.333333333,1,1.0,0,0.842105263,0.5,1,1,1.0,1,0.75,0
camel,1,org.apache.camel.converter.IOConverter,1,1,0,1,1,1,0,1,1,0.8,1,1.0,0,0.0,0.125,0,0,1.0,1,0.875,0
camel,1,org.apache.camel.processor.DelegateProcessor,1,1,1,1,1,0,1,1,1,0.125,1,1.0,1,0.5,0.481481481,1,1,1.0,1,0.7778,0
camel,1,org.apache.camel.Header,1,1,0,1,1,0,1,0,1,1.0,1,0.0,0,0.0,1.0,0,0,0.0,1,1.0,0
camel,1,org.apache.camel.component.http.HttpMessage,1,1,0,1,1,1,1,1,1,0.6,1,1.0,0,0.807692308,0.375,1,1,1.0,1,1.0,0
camel,1,org.apache.camel.processor.idempotent.IdempotentConsumer,1,1,0,1,1,1,1,1,1,0.638888889,1,1.0,1,0.466666667,0.277777778,1,1,1.0,1,0.9,0
camel,1,org.apache.camel.component.queue.QueueComponent,1,1,0,1,1,1,1,1,1,1.0,1,0.0,0,0.888888889,0.555555556,1,1,1.0,1,0.6667,0
camel,1,org.apache.camel.component.direct.DirectComponent,1,1,0,1,1,1,1,1,1,0.5,1,1.0,1,0.0,0.466666667,0,0,1.0,1,0.8,0
camel,1,org.apache.camel.impl.converter.ToStringTypeConverter,1,1,0,1,1,1,1,1,1,1.0,1,0.0,0,0.0,0.666666667,0,0,1.0,1,1.0,0
camel,1,org.apache.camel.processor.MulticastProcessor,1,1,1,1,1,1,1,1,1,0.25,1,1.0,0,0.466666667,0.361111111,1,1,1.0,1,1.0,0
camel,1,org.apache.camel.component.jms.JmsConsumer,1,1,0,1,1,0,1,1,1,0.25,1,1.0,0,0.789473684,0.5,1,1,1.0,1,0.8,0
camel,1,org.apache.camel.impl.DefaultCamelContext,1,1,1,1,1,1,1,1,1,0.867383513,1,1.0,1,0.184210526,0.122767857,1,1,1.0,1,1.0,1
camel,1,org.apache.camel.spi.ExceptionHandler,1,1,0,1,1,0,1,0,1,1.0,1,0.0,0,0.0,1.0,0,0,0.0,1,1.0,0
camel,1,org.apache.camel.component.mock.MockComponent,1,1,0,1,1,1,0,1,1,1.0,1,0.0,0,0.941176471,0.666666667,1,1,1.0,1,0.5,0
camel,1,org.apache.camel.spring.CamelContextFactoryBean,1,1,0,1,1,1,1,1,1,0.7625,1,1.0,1,0.0,0.215686275,0,0,1.0,1,1.0,0
camel,1,org.apache.camel.component.cxf.transport.CamelDestination,1,0,0,1,1,1,1,1,1,0.89010989,1,0.571428571,1,0.0,0.201923077,0,0,1.0,1,1.0,0
camel,1,org.apache.camel.component.xmpp.XmppExchange,1,1,0,1,1,1,1,1,1,0.833333333,1,1.0,1,0.604651163,0.273684211,1,1,1.0,1,0.8947,0
camel,1,org.apache.camel.component.http.JettyHttpComponent,1,1,0,1,1,0,1,1,1,0.4,1,0.0,0,0.807692308,0.666666667,1,1,1.0,1,0.8333,0
camel,1,org.apache.camel.CamelException,1,1,1,1,1,1,1,0,1,1.0,1,0.0,0,1.0,0.666666667,0,0,1.0,0,0.0,0
camel,1,org.apache.camel.processor.loadbalancer.RoundRobinLoadBalancer,1,1,0,1,1,0,1,1,1,0.0,1,1.0,0,0.833333333,0.666666667,1,1,1.0,1,1.0,0
camel,1,org.apache.camel.bam.model.ActivityDefinition,1,1,0,1,1,1,1,1,1,0.75,1,1.0,1,0.333333333,0.428571429,0,0,1.0,1,0.8571,0
camel,1,org.apache.camel.component.http.HttpBinding,1,1,0,1,1,1,1,1,1,1.0,1,0.0,0,0.0,0.555555556,0,0,1.0,1,0.6667,0
camel,1,org.apache.camel.processor.SendProcessor,1,1,0,1,1,0,1,1,1,0.5,1,1.0,1,0.583333333,0.444444444,1,1,1.0,1,0.8333,0
camel,1,org.apache.camel.component.http.HttpEndpoint,1,1,0,1,1,1,1,1,1,0.857142857,1,1.0,1,0.5,0.191666667,1,1,1.0,1,1.0,0
camel,1,org.apache.camel.processor.LoggingLevel,1,1,0,1,1,1,1,1,1,0.952380952,1,0.142857143,1,0.857142857,0.444444444,1,1,1.0,1,0.5,0
camel,1,org.apache.camel.component.quartz.QuartzEndpoint,1,1,0,1,1,1,1,1,1,0.912087912,1,0.857142857,1,0.358974359,0.15034965,1,1,1.0,1,1.0,0
camel,1,org.apache.camel.util.LRUCache,1,1,0,1,1,0,1,0,1,0.666666667,1,1.0,0,0.972222222,0.45,0,0,1.0,1,0.75,0
camel,1,org.apache.camel.EndpointInject,1,1,0,1,1,1,1,0,1,1.0,1,0.0,0,0.0,1.0,0,0,0.0,1,1.0,0
camel,1,org.apache.camel.builder.PredicateBuilder,1,1,0,1,1,1,1,1,1,1.0,1,0.0,0,0.0,0.2,0,0,1.0,1,0.9333,1
camel,1,org.apache.camel.impl.converter.TypeConverterRegistry,1,1,0,1,1,1,1,1,1,1.0,1,0.0,0,0.0,0.666666667,0,0,0.0,1,1.0,0
camel,1,org.apache.camel.spring.xml.BuilderStatement,1,1,0,1,1,1,1,1,1,0.7,1,1.0,0,0.0,0.333333333,0,0,1.0,1,1.0,0
camel,1,org.apache.camel.spi.ExchangeConverter,1,1,0,1,1,0,1,1,1,1.0,1,0.0,0,0.0,1.0,0,0,0.0,1,1.0,0
camel,1,org.apache.camel.component.jms.MessagePropertyNamesAccessException,1,1,0,1,1,0,1,1,1,1.0,1,1.0,0,1.0,1.0,0,0,1.0,0,0.0,0
camel,1,org.apache.camel.component.rmi.RmiProducer,1,1,0,1,1,0,1,1,1,0.25,1,1.0,1,0.857142857,0.555555556,0,0,1.0,1,0.6667,0
camel,1,org.apache.camel.builder.FromBuilder,1,1,1,1,1,1,1,1,1,0.898550725,1,0.833333333,1,0.357142857,0.094680851,0,0,1.0,1,0.9787,0
camel,1,org.apache.camel.bam.processor.ActivityMonitorEngine,1,1,0,1,1,1,1,1,1,0.840909091,1,1.0,1,0.411764706,0.194805195,1,1,1.0,1,1.0,0
camel,1,org.apache.camel.component.jms.EndpointMessageListener,1,1,0,1,1,1,1,1,1,0.7,1,1.0,1,0.0,0.4,0,0,1.0,1,1.0,0
camel,1,org.apache.camel.Expression,1,1,0,1,1,0,1,1,1,1.0,1,0.0,0,0.0,1.0,0,0,0.0,1,1.0,0
camel,1,org.apache.camel.component.jms.ConsumerType,1,1,0,1,1,1,1,1,1,0.916666667,1,0.25,1,0.857142857,0.444444444,1,1,1.0,1,0.5,0
camel,1,org.apache.camel.builder.PredicateFactory,1,1,0,1,1,0,0,1,1,1.0,1,0.0,0,0.0,1.0,0,0,0.0,1,1.0,0
camel,1,org.apache.camel.processor.RedeliveryPolicy,1,1,0,1,1,1,1,0,1,0.828571429,1,1.0,0,0.0,0.243589744,0,0,1.0,1,1.0,0
camel,1,org.apache.camel.builder.WhenBuilder,1,1,0,1,1,1,1,1,1,0.0,1,1.0,1,0.925925926,0.357142857,1,1,1.0,1,0.8571,0
camel,1,org.apache.camel.builder.sql.SqlBuilder,1,1,0,1,1,1,0,1,1,0.461538462,1,1.0,0,0.0,0.306122449,0,0,1.0,1,1.0,0
camel,1,org.apache.camel.component.mail.MailConverters,1,1,0,0,1,1,0,0,1,1.0,1,0.0,0,0.0,0.444444444,0,0,1.0,1,0.6667,0
camel,1,org.apache.camel.util.ExchangeHelper,1,1,0,1,1,1,1,1,1,1.0,1,0.0,0,0.0,0.5,0,0,1.0,1,0.5,0
camel,1,org.apache.camel.RuntimeExpressionException,1,1,1,1,1,1,1,1,1,1.0,1,1.0,0,1.0,0.777777778,0,0,1.0,0,0.0,0
camel,1,org.apache.camel.builder.ExpressionBuilder,1,1,0,1,1,1,1,1,1,1.0,1,0.0,0,0.0,0.185185185,0,0,1.0,1,0.9444,0
